YEAR,CLOUD_AMT,GWETPROF,GWETROOT,GWETTOP,PRECTOTCORR,T2M_MAX,T2M_MIN,T2M_RANGE,WS10M,rain_days
2022,84.72169065650175,0.9157552551060054,0.8782248097307597,0.8973663125690425,7.484855743117056,31.911912382961233,21.998956043144453,9.565897554957841,2.4936445732239583,191.31646829838735
2023,82.40750519082914,0.8539730285300073,0.851511401745307,0.8817082646520338,6.564962916536392,31.827133301286583,22.19366390924704,10.377126786699492,2.4763854591469494,163.8726705194816
2024,82.12611426857138,0.8789813637406957,0.8419419336493871,0.8702484193608269,6.309937919423057,31.899007480137737,21.88814238242681,9.595195919456538,2.4991027827444507,151.85517128281106
2025,83.05573071277469,0.9022277621662539,0.8587076777990283,0.8805729971156026,6.573331080910702,31.907960888977662,22.014547763810832,10.06031330984187,2.4826672666066356,174.95420461705305
2026,83.1821398753039,0.8692208435911758,0.860116292046873,0.8848030587149979,7.145917685189646,31.835708651210563,22.017104898411816,9.815157768753647,2.4610133742634064,182.8532795265158
2027,83.17768501809081,0.8814927854474133,0.8470653633143634,0.875840457703061,7.248966952361792,31.821238454230237,21.938191989676383,9.896991041095186,2.4795651662669465,178.4778865912236
